-- GRIND seed data (generated) — 재실행 안전: 기존 시드 제거 후 삽입

delete from public.order_items; delete from public.orders; delete from public.reviews; delete from public.qna; delete from public.restock_alerts; delete from public.cart_items; delete from public.wishlist_items; delete from public.product_images; delete from public.product_variants; delete from public.products; delete from public.faqs; delete from public.coupons;

insert into public.products (id,name,description,category,original_price,sale_price,discount_rate,wish_count,review_count,rating_avg,is_displayed,is_best,is_new,badge_text) values
('4d8e8048-7a6f-4d77-bb67-2b0de92af818','머슬핏 트레이닝 반팔','머슬핏 트레이닝 반팔 — 헬스장에서도 거리에서도. 신축성과 흡습속건 기능을 갖춘 데일리 애슬레저. RISE & GRIND.','TOP',39000,29000,26,0,757,4.69,true,true,false,'BEST 1'),
('f4aec24d-5f40-4af6-a7c9-68e8fee22d52','에어쿨 퍼포먼스 티','에어쿨 퍼포먼스 티 — 헬스장에서도 거리에서도. 신축성과 흡습속건 기능을 갖춘 데일리 애슬레저. RISE & GRIND.','TOP',34000,27000,21,0,996,4.86,true,true,false,'BEST 2'),
('4d76c55e-1d6e-42dd-89dc-a7eb482e7795','심리스 컴프레션 롱슬리브','심리스 컴프레션 롱슬리브 — 헬스장에서도 거리에서도. 신축성과 흡습속건 기능을 갖춘 데일리 애슬레저. RISE & GRIND.','TOP',42000,33000,21,0,984,4.78,true,true,false,'BOTH'),
('f5d87a7b-d30f-45d6-bd97-9cff5bee7eec','데일리 오버핏 스웻','데일리 오버핏 스웻 — 헬스장에서도 거리에서도. 신축성과 흡습속건 기능을 갖춘 데일리 애슬레저. RISE & GRIND.','TOP',38000,32000,16,0,263,4.66,true,false,true,'NEW'),
('8a598fa4-651f-4cec-a066-92e050cd6642','스트레치 헨리넥','스트레치 헨리넥 — 헬스장에서도 거리에서도. 신축성과 흡습속건 기능을 갖춘 데일리 애슬레저. RISE & GRIND.','TOP',36000,29000,19,0,363,4.42,true,false,false,'BOTH'),
('57398142-8da1-4ef5-9b21-bdf979a0d555','라이트 메쉬 탱크','라이트 메쉬 탱크 — 헬스장에서도 거리에서도. 신축성과 흡습속건 기능을 갖춘 데일리 애슬레저. RISE & GRIND.','TOP',29000,23000,21,0,1397,4.54,true,false,false,'GYM'),
('7531b555-5aa0-49e7-a96a-aa06d87df56b','에어메쉬 쇼츠','에어메쉬 쇼츠 — 헬스장에서도 거리에서도. 신축성과 흡습속건 기능을 갖춘 데일리 애슬레저. RISE & GRIND.','BOTTOM',28000,23000,18,0,960,4.76,true,true,false,'BEST 3'),
('903b9556-a0ca-4d2c-8f10-48d800eb89d8','테크 조거 팬츠','테크 조거 팬츠 — 헬스장에서도 거리에서도. 신축성과 흡습속건 기능을 갖춘 데일리 애슬레저. RISE & GRIND.','BOTTOM',49000,39000,20,0,403,4.58,true,true,false,'BOTH'),
('087b45b4-5cea-4f3d-a167-ff9eb023485e','컴프레션 레깅스','컴프레션 레깅스 — 헬스장에서도 거리에서도. 신축성과 흡습속건 기능을 갖춘 데일리 애슬레저. RISE & GRIND.','BOTTOM',45000,36000,20,0,1266,4.45,true,false,false,'GYM'),
('f1563f10-a90a-475b-a8f6-2dc66f68e0fa','스트레치 트레이닝 팬츠','스트레치 트레이닝 팬츠 — 헬스장에서도 거리에서도. 신축성과 흡습속건 기능을 갖춘 데일리 애슬레저. RISE & GRIND.','BOTTOM',46000,38000,17,0,1186,4.82,true,false,true,'NEW'),
('11c4d618-f5ab-47b1-9f77-0493f5043bcd','우븐 트랙 쇼츠','우븐 트랙 쇼츠 — 헬스장에서도 거리에서도. 신축성과 흡습속건 기능을 갖춘 데일리 애슬레저. RISE & GRIND.','BOTTOM',32000,27000,16,0,437,4.63,true,false,false,'BOTH'),
('966c9484-6b11-426a-9985-591f246eba58','릴렉스 스웻팬츠','릴렉스 스웻팬츠 — 헬스장에서도 거리에서도. 신축성과 흡습속건 기능을 갖춘 데일리 애슬레저. RISE & GRIND.','BOTTOM',44000,35000,20,0,121,4.82,true,false,false,'BOTH'),
('ca9adead-7649-4207-8115-f07dd84148ba','윈드브레이커 자켓','윈드브레이커 자켓 — 헬스장에서도 거리에서도. 신축성과 흡습속건 기능을 갖춘 데일리 애슬레저. RISE & GRIND.','OUTER',79000,59000,25,0,1351,4.78,true,true,false,'BOTH'),
('2c29042a-b829-4307-bed2-00fc90da637a','테크 플리스 후디','테크 플리스 후디 — 헬스장에서도 거리에서도. 신축성과 흡습속건 기능을 갖춘 데일리 애슬레저. RISE & GRIND.','OUTER',69000,55000,20,0,214,4.80,true,true,true,'NEW'),
('db85852b-4c75-40b6-b443-bdc9ca3694d7','경량 트랙탑','경량 트랙탑 — 헬스장에서도 거리에서도. 신축성과 흡습속건 기능을 갖춘 데일리 애슬레저. RISE & GRIND.','OUTER',62000,49000,21,0,931,4.57,true,false,false,'BOTH'),
('47d873a9-37d8-4324-8ccc-a442fdb56689','인슐레이티드 베스트','인슐레이티드 베스트 — 헬스장에서도 거리에서도. 신축성과 흡습속건 기능을 갖춘 데일리 애슬레저. RISE & GRIND.','OUTER',75000,59000,21,0,420,4.43,true,false,false,'BOTH'),
('dd726b0d-4a00-486b-98c9-40b157bf996a','입문자 트레이닝 세트','입문자 트레이닝 세트 — 헬스장에서도 거리에서도. 신축성과 흡습속건 기능을 갖춘 데일리 애슬레저. RISE & GRIND.','SET',78000,55000,29,0,1090,4.65,true,true,false,'BOTH'),
('8253a970-330f-4e10-8964-6ec184b356d7','애슬레저 세트업','애슬레저 세트업 — 헬스장에서도 거리에서도. 신축성과 흡습속건 기능을 갖춘 데일리 애슬레저. RISE & GRIND.','SET',82000,65000,21,0,752,4.54,true,false,true,'NEW'),
('f371f326-3674-47e9-9f42-890024686a16','짐 투피스 세트','짐 투피스 세트 — 헬스장에서도 거리에서도. 신축성과 흡습속건 기능을 갖춘 데일리 애슬레저. RISE & GRIND.','SET',76000,59000,22,0,834,4.40,true,false,false,'GYM'),
('d6a57025-28b0-4028-83c1-44bd8ddc02a2','퍼포먼스 삭스 3팩','퍼포먼스 삭스 3팩 — 헬스장에서도 거리에서도. 신축성과 흡습속건 기능을 갖춘 데일리 애슬레저. RISE & GRIND.','ACCESSORY',15000,12000,20,0,933,4.68,true,false,false,'NEW'),
('67b29d63-2eb0-41a2-9c4e-607801926e9d','테크 짐백','테크 짐백 — 헬스장에서도 거리에서도. 신축성과 흡습속건 기능을 갖춘 데일리 애슬레저. RISE & GRIND.','ACCESSORY',39000,32000,18,0,1204,4.75,true,false,false,'BOTH'),
('a9893e8c-b0c6-4197-8df8-aaf3d7ab7d94','리프팅 스트랩','리프팅 스트랩 — 헬스장에서도 거리에서도. 신축성과 흡습속건 기능을 갖춘 데일리 애슬레저. RISE & GRIND.','ACCESSORY',19000,15000,21,0,368,4.81,true,false,false,'GYM'),
('e1d12d8d-8ff3-4b43-a47b-1b76f05d3507','스포츠 비니','스포츠 비니 — 헬스장에서도 거리에서도. 신축성과 흡습속건 기능을 갖춘 데일리 애슬레저. RISE & GRIND.','ACCESSORY',22000,18000,18,0,633,4.82,true,false,false,'BOTH'),
('ceb234b4-86f7-481e-97d3-8f5d80a319cc','인솔 쿠션','인솔 쿠션 — 헬스장에서도 거리에서도. 신축성과 흡습속건 기능을 갖춘 데일리 애슬레저. RISE & GRIND.','ACCESSORY',16000,13000,19,0,247,4.86,true,false,false,'GYM');

insert into public.product_images (product_id,image_url,is_main,sort_order) values
('4d8e8048-7a6f-4d77-bb67-2b0de92af818','https://picsum.photos/seed/grind-머슬핏 트레이닝 반팔-1/600/800?grayscale',true,0),
('4d8e8048-7a6f-4d77-bb67-2b0de92af818','https://picsum.photos/seed/grind-머슬핏 트레이닝 반팔-2/600/800?grayscale',false,1),
('4d8e8048-7a6f-4d77-bb67-2b0de92af818','https://picsum.photos/seed/grind-머슬핏 트레이닝 반팔-3/600/800?grayscale',false,2),
('4d8e8048-7a6f-4d77-bb67-2b0de92af818','https://picsum.photos/seed/grind-머슬핏 트레이닝 반팔-4/600/800?grayscale',false,3),
('f4aec24d-5f40-4af6-a7c9-68e8fee22d52','https://picsum.photos/seed/grind-에어쿨 퍼포먼스 티-1/600/800?grayscale',true,0),
('f4aec24d-5f40-4af6-a7c9-68e8fee22d52','https://picsum.photos/seed/grind-에어쿨 퍼포먼스 티-2/600/800?grayscale',false,1),
('f4aec24d-5f40-4af6-a7c9-68e8fee22d52','https://picsum.photos/seed/grind-에어쿨 퍼포먼스 티-3/600/800?grayscale',false,2),
('f4aec24d-5f40-4af6-a7c9-68e8fee22d52','https://picsum.photos/seed/grind-에어쿨 퍼포먼스 티-4/600/800?grayscale',false,3),
('4d76c55e-1d6e-42dd-89dc-a7eb482e7795','https://picsum.photos/seed/grind-심리스 컴프레션 롱슬리브-1/600/800?grayscale',true,0),
('4d76c55e-1d6e-42dd-89dc-a7eb482e7795','https://picsum.photos/seed/grind-심리스 컴프레션 롱슬리브-2/600/800?grayscale',false,1),
('4d76c55e-1d6e-42dd-89dc-a7eb482e7795','https://picsum.photos/seed/grind-심리스 컴프레션 롱슬리브-3/600/800?grayscale',false,2),
('4d76c55e-1d6e-42dd-89dc-a7eb482e7795','https://picsum.photos/seed/grind-심리스 컴프레션 롱슬리브-4/600/800?grayscale',false,3),
('f5d87a7b-d30f-45d6-bd97-9cff5bee7eec','https://picsum.photos/seed/grind-데일리 오버핏 스웻-1/600/800?grayscale',true,0),
('f5d87a7b-d30f-45d6-bd97-9cff5bee7eec','https://picsum.photos/seed/grind-데일리 오버핏 스웻-2/600/800?grayscale',false,1),
('f5d87a7b-d30f-45d6-bd97-9cff5bee7eec','https://picsum.photos/seed/grind-데일리 오버핏 스웻-3/600/800?grayscale',false,2),
('f5d87a7b-d30f-45d6-bd97-9cff5bee7eec','https://picsum.photos/seed/grind-데일리 오버핏 스웻-4/600/800?grayscale',false,3),
('8a598fa4-651f-4cec-a066-92e050cd6642','https://picsum.photos/seed/grind-스트레치 헨리넥-1/600/800?grayscale',true,0),
('8a598fa4-651f-4cec-a066-92e050cd6642','https://picsum.photos/seed/grind-스트레치 헨리넥-2/600/800?grayscale',false,1),
('8a598fa4-651f-4cec-a066-92e050cd6642','https://picsum.photos/seed/grind-스트레치 헨리넥-3/600/800?grayscale',false,2),
('8a598fa4-651f-4cec-a066-92e050cd6642','https://picsum.photos/seed/grind-스트레치 헨리넥-4/600/800?grayscale',false,3),
('57398142-8da1-4ef5-9b21-bdf979a0d555','https://picsum.photos/seed/grind-라이트 메쉬 탱크-1/600/800?grayscale',true,0),
('57398142-8da1-4ef5-9b21-bdf979a0d555','https://picsum.photos/seed/grind-라이트 메쉬 탱크-2/600/800?grayscale',false,1),
('57398142-8da1-4ef5-9b21-bdf979a0d555','https://picsum.photos/seed/grind-라이트 메쉬 탱크-3/600/800?grayscale',false,2),
('57398142-8da1-4ef5-9b21-bdf979a0d555','https://picsum.photos/seed/grind-라이트 메쉬 탱크-4/600/800?grayscale',false,3),
('7531b555-5aa0-49e7-a96a-aa06d87df56b','https://picsum.photos/seed/grind-에어메쉬 쇼츠-1/600/800?grayscale',true,0),
('7531b555-5aa0-49e7-a96a-aa06d87df56b','https://picsum.photos/seed/grind-에어메쉬 쇼츠-2/600/800?grayscale',false,1),
('7531b555-5aa0-49e7-a96a-aa06d87df56b','https://picsum.photos/seed/grind-에어메쉬 쇼츠-3/600/800?grayscale',false,2),
('7531b555-5aa0-49e7-a96a-aa06d87df56b','https://picsum.photos/seed/grind-에어메쉬 쇼츠-4/600/800?grayscale',false,3),
('903b9556-a0ca-4d2c-8f10-48d800eb89d8','https://picsum.photos/seed/grind-테크 조거 팬츠-1/600/800?grayscale',true,0),
('903b9556-a0ca-4d2c-8f10-48d800eb89d8','https://picsum.photos/seed/grind-테크 조거 팬츠-2/600/800?grayscale',false,1),
('903b9556-a0ca-4d2c-8f10-48d800eb89d8','https://picsum.photos/seed/grind-테크 조거 팬츠-3/600/800?grayscale',false,2),
('903b9556-a0ca-4d2c-8f10-48d800eb89d8','https://picsum.photos/seed/grind-테크 조거 팬츠-4/600/800?grayscale',false,3),
('087b45b4-5cea-4f3d-a167-ff9eb023485e','https://picsum.photos/seed/grind-컴프레션 레깅스-1/600/800?grayscale',true,0),
('087b45b4-5cea-4f3d-a167-ff9eb023485e','https://picsum.photos/seed/grind-컴프레션 레깅스-2/600/800?grayscale',false,1),
('087b45b4-5cea-4f3d-a167-ff9eb023485e','https://picsum.photos/seed/grind-컴프레션 레깅스-3/600/800?grayscale',false,2),
('087b45b4-5cea-4f3d-a167-ff9eb023485e','https://picsum.photos/seed/grind-컴프레션 레깅스-4/600/800?grayscale',false,3),
('f1563f10-a90a-475b-a8f6-2dc66f68e0fa','https://picsum.photos/seed/grind-스트레치 트레이닝 팬츠-1/600/800?grayscale',true,0),
('f1563f10-a90a-475b-a8f6-2dc66f68e0fa','https://picsum.photos/seed/grind-스트레치 트레이닝 팬츠-2/600/800?grayscale',false,1),
('f1563f10-a90a-475b-a8f6-2dc66f68e0fa','https://picsum.photos/seed/grind-스트레치 트레이닝 팬츠-3/600/800?grayscale',false,2),
('f1563f10-a90a-475b-a8f6-2dc66f68e0fa','https://picsum.photos/seed/grind-스트레치 트레이닝 팬츠-4/600/800?grayscale',false,3),
('11c4d618-f5ab-47b1-9f77-0493f5043bcd','https://picsum.photos/seed/grind-우븐 트랙 쇼츠-1/600/800?grayscale',true,0),
('11c4d618-f5ab-47b1-9f77-0493f5043bcd','https://picsum.photos/seed/grind-우븐 트랙 쇼츠-2/600/800?grayscale',false,1),
('11c4d618-f5ab-47b1-9f77-0493f5043bcd','https://picsum.photos/seed/grind-우븐 트랙 쇼츠-3/600/800?grayscale',false,2),
('11c4d618-f5ab-47b1-9f77-0493f5043bcd','https://picsum.photos/seed/grind-우븐 트랙 쇼츠-4/600/800?grayscale',false,3),
('966c9484-6b11-426a-9985-591f246eba58','https://picsum.photos/seed/grind-릴렉스 스웻팬츠-1/600/800?grayscale',true,0),
('966c9484-6b11-426a-9985-591f246eba58','https://picsum.photos/seed/grind-릴렉스 스웻팬츠-2/600/800?grayscale',false,1),
('966c9484-6b11-426a-9985-591f246eba58','https://picsum.photos/seed/grind-릴렉스 스웻팬츠-3/600/800?grayscale',false,2),
('966c9484-6b11-426a-9985-591f246eba58','https://picsum.photos/seed/grind-릴렉스 스웻팬츠-4/600/800?grayscale',false,3),
('ca9adead-7649-4207-8115-f07dd84148ba','https://picsum.photos/seed/grind-윈드브레이커 자켓-1/600/800?grayscale',true,0),
('ca9adead-7649-4207-8115-f07dd84148ba','https://picsum.photos/seed/grind-윈드브레이커 자켓-2/600/800?grayscale',false,1),
('ca9adead-7649-4207-8115-f07dd84148ba','https://picsum.photos/seed/grind-윈드브레이커 자켓-3/600/800?grayscale',false,2),
('ca9adead-7649-4207-8115-f07dd84148ba','https://picsum.photos/seed/grind-윈드브레이커 자켓-4/600/800?grayscale',false,3),
('2c29042a-b829-4307-bed2-00fc90da637a','https://picsum.photos/seed/grind-테크 플리스 후디-1/600/800?grayscale',true,0),
('2c29042a-b829-4307-bed2-00fc90da637a','https://picsum.photos/seed/grind-테크 플리스 후디-2/600/800?grayscale',false,1),
('2c29042a-b829-4307-bed2-00fc90da637a','https://picsum.photos/seed/grind-테크 플리스 후디-3/600/800?grayscale',false,2),
('2c29042a-b829-4307-bed2-00fc90da637a','https://picsum.photos/seed/grind-테크 플리스 후디-4/600/800?grayscale',false,3),
('db85852b-4c75-40b6-b443-bdc9ca3694d7','https://picsum.photos/seed/grind-경량 트랙탑-1/600/800?grayscale',true,0),
('db85852b-4c75-40b6-b443-bdc9ca3694d7','https://picsum.photos/seed/grind-경량 트랙탑-2/600/800?grayscale',false,1),
('db85852b-4c75-40b6-b443-bdc9ca3694d7','https://picsum.photos/seed/grind-경량 트랙탑-3/600/800?grayscale',false,2),
('db85852b-4c75-40b6-b443-bdc9ca3694d7','https://picsum.photos/seed/grind-경량 트랙탑-4/600/800?grayscale',false,3),
('47d873a9-37d8-4324-8ccc-a442fdb56689','https://picsum.photos/seed/grind-인슐레이티드 베스트-1/600/800?grayscale',true,0),
('47d873a9-37d8-4324-8ccc-a442fdb56689','https://picsum.photos/seed/grind-인슐레이티드 베스트-2/600/800?grayscale',false,1),
('47d873a9-37d8-4324-8ccc-a442fdb56689','https://picsum.photos/seed/grind-인슐레이티드 베스트-3/600/800?grayscale',false,2),
('47d873a9-37d8-4324-8ccc-a442fdb56689','https://picsum.photos/seed/grind-인슐레이티드 베스트-4/600/800?grayscale',false,3),
('dd726b0d-4a00-486b-98c9-40b157bf996a','https://picsum.photos/seed/grind-입문자 트레이닝 세트-1/600/800?grayscale',true,0),
('dd726b0d-4a00-486b-98c9-40b157bf996a','https://picsum.photos/seed/grind-입문자 트레이닝 세트-2/600/800?grayscale',false,1),
('dd726b0d-4a00-486b-98c9-40b157bf996a','https://picsum.photos/seed/grind-입문자 트레이닝 세트-3/600/800?grayscale',false,2),
('dd726b0d-4a00-486b-98c9-40b157bf996a','https://picsum.photos/seed/grind-입문자 트레이닝 세트-4/600/800?grayscale',false,3),
('8253a970-330f-4e10-8964-6ec184b356d7','https://picsum.photos/seed/grind-애슬레저 세트업-1/600/800?grayscale',true,0),
('8253a970-330f-4e10-8964-6ec184b356d7','https://picsum.photos/seed/grind-애슬레저 세트업-2/600/800?grayscale',false,1),
('8253a970-330f-4e10-8964-6ec184b356d7','https://picsum.photos/seed/grind-애슬레저 세트업-3/600/800?grayscale',false,2),
('8253a970-330f-4e10-8964-6ec184b356d7','https://picsum.photos/seed/grind-애슬레저 세트업-4/600/800?grayscale',false,3),
('f371f326-3674-47e9-9f42-890024686a16','https://picsum.photos/seed/grind-짐 투피스 세트-1/600/800?grayscale',true,0),
('f371f326-3674-47e9-9f42-890024686a16','https://picsum.photos/seed/grind-짐 투피스 세트-2/600/800?grayscale',false,1),
('f371f326-3674-47e9-9f42-890024686a16','https://picsum.photos/seed/grind-짐 투피스 세트-3/600/800?grayscale',false,2),
('f371f326-3674-47e9-9f42-890024686a16','https://picsum.photos/seed/grind-짐 투피스 세트-4/600/800?grayscale',false,3),
('d6a57025-28b0-4028-83c1-44bd8ddc02a2','https://picsum.photos/seed/grind-퍼포먼스 삭스 3팩-1/600/800?grayscale',true,0),
('d6a57025-28b0-4028-83c1-44bd8ddc02a2','https://picsum.photos/seed/grind-퍼포먼스 삭스 3팩-2/600/800?grayscale',false,1),
('d6a57025-28b0-4028-83c1-44bd8ddc02a2','https://picsum.photos/seed/grind-퍼포먼스 삭스 3팩-3/600/800?grayscale',false,2),
('d6a57025-28b0-4028-83c1-44bd8ddc02a2','https://picsum.photos/seed/grind-퍼포먼스 삭스 3팩-4/600/800?grayscale',false,3),
('67b29d63-2eb0-41a2-9c4e-607801926e9d','https://picsum.photos/seed/grind-테크 짐백-1/600/800?grayscale',true,0),
('67b29d63-2eb0-41a2-9c4e-607801926e9d','https://picsum.photos/seed/grind-테크 짐백-2/600/800?grayscale',false,1),
('67b29d63-2eb0-41a2-9c4e-607801926e9d','https://picsum.photos/seed/grind-테크 짐백-3/600/800?grayscale',false,2),
('67b29d63-2eb0-41a2-9c4e-607801926e9d','https://picsum.photos/seed/grind-테크 짐백-4/600/800?grayscale',false,3),
('a9893e8c-b0c6-4197-8df8-aaf3d7ab7d94','https://picsum.photos/seed/grind-리프팅 스트랩-1/600/800?grayscale',true,0),
('a9893e8c-b0c6-4197-8df8-aaf3d7ab7d94','https://picsum.photos/seed/grind-리프팅 스트랩-2/600/800?grayscale',false,1),
('a9893e8c-b0c6-4197-8df8-aaf3d7ab7d94','https://picsum.photos/seed/grind-리프팅 스트랩-3/600/800?grayscale',false,2),
('a9893e8c-b0c6-4197-8df8-aaf3d7ab7d94','https://picsum.photos/seed/grind-리프팅 스트랩-4/600/800?grayscale',false,3),
('e1d12d8d-8ff3-4b43-a47b-1b76f05d3507','https://picsum.photos/seed/grind-스포츠 비니-1/600/800?grayscale',true,0),
('e1d12d8d-8ff3-4b43-a47b-1b76f05d3507','https://picsum.photos/seed/grind-스포츠 비니-2/600/800?grayscale',false,1),
('e1d12d8d-8ff3-4b43-a47b-1b76f05d3507','https://picsum.photos/seed/grind-스포츠 비니-3/600/800?grayscale',false,2),
('e1d12d8d-8ff3-4b43-a47b-1b76f05d3507','https://picsum.photos/seed/grind-스포츠 비니-4/600/800?grayscale',false,3),
('ceb234b4-86f7-481e-97d3-8f5d80a319cc','https://picsum.photos/seed/grind-인솔 쿠션-1/600/800?grayscale',true,0),
('ceb234b4-86f7-481e-97d3-8f5d80a319cc','https://picsum.photos/seed/grind-인솔 쿠션-2/600/800?grayscale',false,1),
('ceb234b4-86f7-481e-97d3-8f5d80a319cc','https://picsum.photos/seed/grind-인솔 쿠션-3/600/800?grayscale',false,2),
('ceb234b4-86f7-481e-97d3-8f5d80a319cc','https://picsum.photos/seed/grind-인솔 쿠션-4/600/800?grayscale',false,3);

insert into public.product_variants (id,product_id,color,size,stock,sku) values
('ef526def-1981-40d1-a528-df07277d8279','4d8e8048-7a6f-4d77-bb67-2b0de92af818','딥블랙','S',19,'GR-TO-딥블-S-115'),
('043d982f-4541-4ca4-9052-007240027f8a','4d8e8048-7a6f-4d77-bb67-2b0de92af818','딥블랙','M',4,'GR-TO-딥블-M-238'),
('f190a48d-eb47-4e34-869d-b1e05509c194','4d8e8048-7a6f-4d77-bb67-2b0de92af818','딥블랙','L',16,'GR-TO-딥블-L-392'),
('336f14cc-f44b-44c7-a1bc-76d2c9ea0910','4d8e8048-7a6f-4d77-bb67-2b0de92af818','딥블랙','XL',45,'GR-TO-딥블-XL-626'),
('352f1191-940b-4684-8a01-10cf07e4beeb','4d8e8048-7a6f-4d77-bb67-2b0de92af818','애쉬그레이','S',38,'GR-TO-애쉬-S-658'),
('91660b64-3699-463e-95fe-73d6e279ca0e','4d8e8048-7a6f-4d77-bb67-2b0de92af818','애쉬그레이','M',0,'GR-TO-애쉬-M-342'),
('896f621a-01d9-4916-9751-2113747358c8','4d8e8048-7a6f-4d77-bb67-2b0de92af818','애쉬그레이','L',0,'GR-TO-애쉬-L-910'),
('47f503f4-596e-4b5d-a50c-58845bf97e88','4d8e8048-7a6f-4d77-bb67-2b0de92af818','애쉬그레이','XL',16,'GR-TO-애쉬-XL-832'),
('58f8d84c-e732-404a-a1ec-e316a6821b8a','4d8e8048-7a6f-4d77-bb67-2b0de92af818','차콜','S',27,'GR-TO-차콜-S-164'),
('b5999f5c-d646-41ca-9336-7bc10618e2f9','4d8e8048-7a6f-4d77-bb67-2b0de92af818','차콜','M',0,'GR-TO-차콜-M-232'),
('0933f90d-9c2b-4e49-bc94-bfb719d1fdd2','4d8e8048-7a6f-4d77-bb67-2b0de92af818','차콜','L',34,'GR-TO-차콜-L-994'),
('50036325-a91c-4008-9c84-d4935189c432','4d8e8048-7a6f-4d77-bb67-2b0de92af818','차콜','XL',25,'GR-TO-차콜-XL-419'),
('9e2fe966-26aa-448f-a9be-eaadfb293792','f4aec24d-5f40-4af6-a7c9-68e8fee22d52','차콜','S',27,'GR-TO-차콜-S-120'),
('f597cb0d-01e7-4a14-a37d-aab416f4d6d4','f4aec24d-5f40-4af6-a7c9-68e8fee22d52','차콜','M',28,'GR-TO-차콜-M-846'),
('ebc2d937-37d6-4203-b8f0-f7bbf5875201','f4aec24d-5f40-4af6-a7c9-68e8fee22d52','차콜','L',42,'GR-TO-차콜-L-576'),
('60a5409a-e5dc-47d0-8708-adcdf88c7d4e','f4aec24d-5f40-4af6-a7c9-68e8fee22d52','차콜','XL',39,'GR-TO-차콜-XL-537'),
('f3ac4308-4a63-44ed-9b1a-6b145616478d','f4aec24d-5f40-4af6-a7c9-68e8fee22d52','화이트','S',16,'GR-TO-화이-S-110'),
('bb45eae0-6a61-49b7-ae06-07c8e70db847','f4aec24d-5f40-4af6-a7c9-68e8fee22d52','화이트','M',34,'GR-TO-화이-M-360'),
('8222c08a-39f6-4116-b840-820d29f00dc7','f4aec24d-5f40-4af6-a7c9-68e8fee22d52','화이트','L',50,'GR-TO-화이-L-636'),
('0455e7e8-3289-4472-a962-edff29c7a42b','f4aec24d-5f40-4af6-a7c9-68e8fee22d52','화이트','XL',0,'GR-TO-화이-XL-958'),
('036cce6e-982b-490e-9ada-b6c2ed7b0c8b','f4aec24d-5f40-4af6-a7c9-68e8fee22d52','네이비','S',37,'GR-TO-네이-S-212'),
('2e8a5d36-1f94-4794-b461-c7fefe6a513b','f4aec24d-5f40-4af6-a7c9-68e8fee22d52','네이비','M',0,'GR-TO-네이-M-848'),
('60a3fa28-1c14-4a9b-a8fd-1f9a545c9da2','f4aec24d-5f40-4af6-a7c9-68e8fee22d52','네이비','L',29,'GR-TO-네이-L-802'),
('df1b9281-396b-4aab-b50a-0fbf8e3c7ae1','f4aec24d-5f40-4af6-a7c9-68e8fee22d52','네이비','XL',53,'GR-TO-네이-XL-403'),
('51d9d805-0e30-4d2f-b543-68992e8f401c','4d76c55e-1d6e-42dd-89dc-a7eb482e7795','딥블랙','S',29,'GR-TO-딥블-S-160'),
('e6177d45-dbd4-426e-9b55-6086c8fa5203','4d76c55e-1d6e-42dd-89dc-a7eb482e7795','딥블랙','M',22,'GR-TO-딥블-M-737'),
('f3410aff-e0a7-4ddb-8962-0e5a2a6e4eee','4d76c55e-1d6e-42dd-89dc-a7eb482e7795','딥블랙','L',6,'GR-TO-딥블-L-181'),
('c4c59d0e-2c5f-4070-bb46-fe0df0df8116','4d76c55e-1d6e-42dd-89dc-a7eb482e7795','딥블랙','XL',28,'GR-TO-딥블-XL-955'),
('7300cd64-e6dc-4ec9-a811-810faf310c15','4d76c55e-1d6e-42dd-89dc-a7eb482e7795','그레이','S',0,'GR-TO-그레-S-953'),
('9a19d07a-b23e-4977-b485-981afd09effc','4d76c55e-1d6e-42dd-89dc-a7eb482e7795','그레이','M',38,'GR-TO-그레-M-659'),
('bc8c8e82-81f4-4351-9280-fda68b2940d0','4d76c55e-1d6e-42dd-89dc-a7eb482e7795','그레이','L',29,'GR-TO-그레-L-564'),
('b72c4592-1dad-4789-9f9b-be1fd0eab57b','4d76c55e-1d6e-42dd-89dc-a7eb482e7795','그레이','XL',15,'GR-TO-그레-XL-184'),
('e3b2956b-4d6a-4430-b160-85b11635f6cf','f5d87a7b-d30f-45d6-bd97-9cff5bee7eec','아이보리','S',60,'GR-TO-아이-S-670'),
('10b09555-16ec-44f0-8040-cd7fc740404b','f5d87a7b-d30f-45d6-bd97-9cff5bee7eec','아이보리','M',43,'GR-TO-아이-M-359'),
('57cec764-7682-48a9-b0ff-1e0b943303a5','f5d87a7b-d30f-45d6-bd97-9cff5bee7eec','아이보리','L',54,'GR-TO-아이-L-331'),
('9fa89d6e-f0bb-4858-8f9b-88be1f99a9e5','f5d87a7b-d30f-45d6-bd97-9cff5bee7eec','아이보리','XL',0,'GR-TO-아이-XL-591'),
('62faf807-7247-4e97-8ca6-e63be3253052','f5d87a7b-d30f-45d6-bd97-9cff5bee7eec','차콜','S',40,'GR-TO-차콜-S-317'),
('1b627557-4d7b-4ef9-bcab-f51f4d150663','f5d87a7b-d30f-45d6-bd97-9cff5bee7eec','차콜','M',57,'GR-TO-차콜-M-253'),
('01c67f3b-bff2-46d5-83f2-f8370490981d','f5d87a7b-d30f-45d6-bd97-9cff5bee7eec','차콜','L',0,'GR-TO-차콜-L-318'),
('b293536c-5624-4f6f-b6ba-6bac6c48924d','f5d87a7b-d30f-45d6-bd97-9cff5bee7eec','차콜','XL',29,'GR-TO-차콜-XL-317'),
('023c3bcb-f245-46e0-ab81-b986408fd1c7','f5d87a7b-d30f-45d6-bd97-9cff5bee7eec','네이비','S',18,'GR-TO-네이-S-150'),
('a4e7fac6-f957-4798-ae73-b376274c077d','f5d87a7b-d30f-45d6-bd97-9cff5bee7eec','네이비','M',22,'GR-TO-네이-M-139'),
('1982fa59-eeb3-4a15-9ea3-72e19f1eaeec','f5d87a7b-d30f-45d6-bd97-9cff5bee7eec','네이비','L',3,'GR-TO-네이-L-886'),
('d929ad87-eb17-4b9d-97d2-5fb6f4023ccd','f5d87a7b-d30f-45d6-bd97-9cff5bee7eec','네이비','XL',0,'GR-TO-네이-XL-731'),
('6831e7f2-5e7d-4d58-8068-bc98c142e62c','8a598fa4-651f-4cec-a066-92e050cd6642','네이비','S',48,'GR-TO-네이-S-386'),
('bab00fed-603c-4ee7-9f5e-3e64a7f6334a','8a598fa4-651f-4cec-a066-92e050cd6642','네이비','M',34,'GR-TO-네이-M-484'),
('5de89ffb-4edd-4ccd-ab17-7807f8694745','8a598fa4-651f-4cec-a066-92e050cd6642','네이비','L',44,'GR-TO-네이-L-703'),
('8629fa07-0df4-470c-b616-5c2ff45b970d','8a598fa4-651f-4cec-a066-92e050cd6642','네이비','XL',21,'GR-TO-네이-XL-644'),
('6abdb748-7ff8-4ab9-bddd-f55568dbb722','8a598fa4-651f-4cec-a066-92e050cd6642','블랙','S',56,'GR-TO-블랙-S-453'),
('10cffb3a-f8ec-4efb-8973-2d0f5776f0ab','8a598fa4-651f-4cec-a066-92e050cd6642','블랙','M',0,'GR-TO-블랙-M-165'),
('eade3c35-b841-4994-aa38-0fef2ddb3979','8a598fa4-651f-4cec-a066-92e050cd6642','블랙','L',35,'GR-TO-블랙-L-615'),
('8f127d38-06f4-4140-b9b9-7b586fd654f2','8a598fa4-651f-4cec-a066-92e050cd6642','블랙','XL',50,'GR-TO-블랙-XL-851'),
('a4a34b55-2ce8-47aa-9606-cf6c9fcf120c','57398142-8da1-4ef5-9b21-bdf979a0d555','블랙','S',5,'GR-TO-블랙-S-454'),
('ff908d70-bfb6-408d-87b5-dc16552ce879','57398142-8da1-4ef5-9b21-bdf979a0d555','블랙','M',5,'GR-TO-블랙-M-525'),
('2598e0ec-5df9-453a-b724-6a7ac25e3638','57398142-8da1-4ef5-9b21-bdf979a0d555','블랙','L',38,'GR-TO-블랙-L-858'),
('bdfcee4e-8357-4b4a-97fc-0bc9313a6afb','57398142-8da1-4ef5-9b21-bdf979a0d555','블랙','XL',41,'GR-TO-블랙-XL-121'),
('bc7d4bd5-2b45-453a-b1de-16dffad81ce5','57398142-8da1-4ef5-9b21-bdf979a0d555','화이트','S',35,'GR-TO-화이-S-376'),
('da5705b1-a136-441f-a630-571370ffb4ab','57398142-8da1-4ef5-9b21-bdf979a0d555','화이트','M',12,'GR-TO-화이-M-116'),
('051d9f60-23b5-428c-94b0-b37eb55eaab0','57398142-8da1-4ef5-9b21-bdf979a0d555','화이트','L',43,'GR-TO-화이-L-168'),
('14a43bf7-0386-470f-b74a-7ea710a14d9a','57398142-8da1-4ef5-9b21-bdf979a0d555','화이트','XL',42,'GR-TO-화이-XL-217'),
('cc42d850-bd73-4e09-b8e8-a33cb94a325b','7531b555-5aa0-49e7-a96a-aa06d87df56b','그레이','S',3,'GR-BO-그레-S-231'),
('b6185d0e-089a-483c-90aa-2164177812d0','7531b555-5aa0-49e7-a96a-aa06d87df56b','그레이','M',46,'GR-BO-그레-M-414'),
('f158a124-7d0d-485a-a839-7995cfdfb23c','7531b555-5aa0-49e7-a96a-aa06d87df56b','그레이','L',42,'GR-BO-그레-L-443'),
('aa49acbc-db3a-4820-b3ee-202ced76bf56','7531b555-5aa0-49e7-a96a-aa06d87df56b','그레이','XL',50,'GR-BO-그레-XL-699'),
('3fda07d6-cadb-4516-aaea-f3c221082d3c','7531b555-5aa0-49e7-a96a-aa06d87df56b','블랙','S',3,'GR-BO-블랙-S-140'),
('64b556f6-da90-4b58-8358-2339b2a0490a','7531b555-5aa0-49e7-a96a-aa06d87df56b','블랙','M',0,'GR-BO-블랙-M-418'),
('157e1319-308a-4c68-bc14-b0e15c34761a','7531b555-5aa0-49e7-a96a-aa06d87df56b','블랙','L',13,'GR-BO-블랙-L-771'),
('1405837d-748d-49da-9c41-fa0bd9537c98','7531b555-5aa0-49e7-a96a-aa06d87df56b','블랙','XL',25,'GR-BO-블랙-XL-184'),
('a7daca8b-feb6-4b0a-9adc-4a992ee2e313','7531b555-5aa0-49e7-a96a-aa06d87df56b','네이비','S',27,'GR-BO-네이-S-749'),
('0610eb73-e72a-42da-a196-86674944d39a','7531b555-5aa0-49e7-a96a-aa06d87df56b','네이비','M',40,'GR-BO-네이-M-867'),
('018fa474-4387-410e-8a7f-e24ee9af3b26','7531b555-5aa0-49e7-a96a-aa06d87df56b','네이비','L',53,'GR-BO-네이-L-212'),
('b6be22d9-b17b-47d2-92b2-14aba6701de4','7531b555-5aa0-49e7-a96a-aa06d87df56b','네이비','XL',8,'GR-BO-네이-XL-975'),
('ce03d053-fb23-4ad3-9e2f-cccd78e456e0','903b9556-a0ca-4d2c-8f10-48d800eb89d8','블랙','S',46,'GR-BO-블랙-S-374'),
('04c5e3ac-7e3a-4277-9166-9b55ed321862','903b9556-a0ca-4d2c-8f10-48d800eb89d8','블랙','M',43,'GR-BO-블랙-M-963'),
('e4475271-8094-4b80-bcf9-42b0bf53d268','903b9556-a0ca-4d2c-8f10-48d800eb89d8','블랙','L',0,'GR-BO-블랙-L-159'),
('2ec9ca4e-f38f-49d9-820b-40777e52517e','903b9556-a0ca-4d2c-8f10-48d800eb89d8','블랙','XL',20,'GR-BO-블랙-XL-412'),
('4c803897-e888-41e9-b462-cbb5882cd5f4','903b9556-a0ca-4d2c-8f10-48d800eb89d8','차콜','S',39,'GR-BO-차콜-S-257'),
('276e1a51-e60e-464d-9cfd-c4d5306d2dfb','903b9556-a0ca-4d2c-8f10-48d800eb89d8','차콜','M',36,'GR-BO-차콜-M-482'),
('eb66feba-2469-4ddd-a7b5-c21ba30ce8a9','903b9556-a0ca-4d2c-8f10-48d800eb89d8','차콜','L',29,'GR-BO-차콜-L-510'),
('10bbd2ea-1ce2-4eda-8537-a9bc11d2bb4e','903b9556-a0ca-4d2c-8f10-48d800eb89d8','차콜','XL',0,'GR-BO-차콜-XL-682'),
('12a6a446-fe5e-42d2-b6ee-1fc50172d822','903b9556-a0ca-4d2c-8f10-48d800eb89d8','카키','S',50,'GR-BO-카키-S-145'),
('67683b71-ff21-4c5a-ac1e-fdc6e497b231','903b9556-a0ca-4d2c-8f10-48d800eb89d8','카키','M',53,'GR-BO-카키-M-760'),
('8c0d11cb-4817-4a4d-b08a-3d7d1c575b30','903b9556-a0ca-4d2c-8f10-48d800eb89d8','카키','L',25,'GR-BO-카키-L-189'),
('29593a9d-7516-4423-83f0-d1e40e9fe047','903b9556-a0ca-4d2c-8f10-48d800eb89d8','카키','XL',39,'GR-BO-카키-XL-977'),
('42f458b3-b0e7-49d5-a774-55199a378f5d','087b45b4-5cea-4f3d-a167-ff9eb023485e','차콜','S',41,'GR-BO-차콜-S-488'),
('d696636b-7885-4b60-8613-6f0f5bf115dd','087b45b4-5cea-4f3d-a167-ff9eb023485e','차콜','M',50,'GR-BO-차콜-M-655'),
('19fc3bf3-0447-4be8-889b-b51f5a189480','087b45b4-5cea-4f3d-a167-ff9eb023485e','차콜','L',0,'GR-BO-차콜-L-675'),
('c7d4bbee-d080-4f89-b7d6-64d99c70570b','087b45b4-5cea-4f3d-a167-ff9eb023485e','차콜','XL',5,'GR-BO-차콜-XL-239'),
('aa77c526-287e-40dc-ae9c-e65e54791cfc','087b45b4-5cea-4f3d-a167-ff9eb023485e','블랙','S',8,'GR-BO-블랙-S-934'),
('0f6f454d-2023-4483-ae41-01f90b0cfdac','087b45b4-5cea-4f3d-a167-ff9eb023485e','블랙','M',41,'GR-BO-블랙-M-579'),
('450a6523-e52a-4459-9d97-2223727b8230','087b45b4-5cea-4f3d-a167-ff9eb023485e','블랙','L',35,'GR-BO-블랙-L-281'),
('a84a29fe-1a1f-4ba2-8198-c119747f9a8d','087b45b4-5cea-4f3d-a167-ff9eb023485e','블랙','XL',39,'GR-BO-블랙-XL-626'),
('e86215e3-1a0c-4396-8605-ccd28a12fa91','f1563f10-a90a-475b-a8f6-2dc66f68e0fa','카키','S',46,'GR-BO-카키-S-752'),
('f9f0289e-dd8f-4628-a2c3-822a7c1e43a4','f1563f10-a90a-475b-a8f6-2dc66f68e0fa','카키','M',58,'GR-BO-카키-M-224'),
('56d9eb86-0dad-4b0a-8318-130d7f95fdea','f1563f10-a90a-475b-a8f6-2dc66f68e0fa','카키','L',13,'GR-BO-카키-L-984'),
('28dc5d38-b6ab-426c-93a5-af342026b16a','f1563f10-a90a-475b-a8f6-2dc66f68e0fa','카키','XL',52,'GR-BO-카키-XL-456'),
('f9df1005-ba00-40c5-b5b2-71a8f7cdc575','f1563f10-a90a-475b-a8f6-2dc66f68e0fa','블랙','S',4,'GR-BO-블랙-S-370'),
('655686ce-0277-439a-abb9-1efd270feb64','f1563f10-a90a-475b-a8f6-2dc66f68e0fa','블랙','M',57,'GR-BO-블랙-M-393'),
('6eebfb6f-45dd-4070-a3ee-e8f31a18f3f1','f1563f10-a90a-475b-a8f6-2dc66f68e0fa','블랙','L',20,'GR-BO-블랙-L-472'),
('e8fb0ce4-daec-447f-9ada-40f7be83a87e','f1563f10-a90a-475b-a8f6-2dc66f68e0fa','블랙','XL',6,'GR-BO-블랙-XL-467'),
('e5e7fd38-ef3e-4860-b41f-96ec3a7341ae','f1563f10-a90a-475b-a8f6-2dc66f68e0fa','그레이','S',45,'GR-BO-그레-S-788'),
('b2967ff1-8ecc-4f53-a8e2-f1b118782ee3','f1563f10-a90a-475b-a8f6-2dc66f68e0fa','그레이','M',14,'GR-BO-그레-M-368'),
('0a0ff910-da4a-47bf-8b9c-8240d6b034bb','f1563f10-a90a-475b-a8f6-2dc66f68e0fa','그레이','L',17,'GR-BO-그레-L-860'),
('f01e4109-78d2-4762-8d40-c78c9a9abfe9','f1563f10-a90a-475b-a8f6-2dc66f68e0fa','그레이','XL',17,'GR-BO-그레-XL-970'),
('6cb8c94c-b585-4eaf-af90-98ceb73e0de7','11c4d618-f5ab-47b1-9f77-0493f5043bcd','네이비','S',25,'GR-BO-네이-S-878'),
('3e67592a-4f24-4ed8-b35f-5bb6921d7df1','11c4d618-f5ab-47b1-9f77-0493f5043bcd','네이비','M',24,'GR-BO-네이-M-633'),
('0bcb3ce5-afc0-4ca0-9f54-263c152df151','11c4d618-f5ab-47b1-9f77-0493f5043bcd','네이비','L',17,'GR-BO-네이-L-705'),
('c2294367-7a7e-4f89-b907-bca92f3e5cf6','11c4d618-f5ab-47b1-9f77-0493f5043bcd','네이비','XL',47,'GR-BO-네이-XL-618'),
('e4057196-3ae9-4a33-a477-71bf5a0a465d','11c4d618-f5ab-47b1-9f77-0493f5043bcd','블랙','S',0,'GR-BO-블랙-S-834'),
('2da07962-a16e-4b8f-ac23-d02c1ba48052','11c4d618-f5ab-47b1-9f77-0493f5043bcd','블랙','M',0,'GR-BO-블랙-M-262'),
('e1b7dd35-2c59-4454-9d39-73459eb189d3','11c4d618-f5ab-47b1-9f77-0493f5043bcd','블랙','L',53,'GR-BO-블랙-L-186'),
('70b1cc00-ed91-45bf-823a-0e22a7e8990d','11c4d618-f5ab-47b1-9f77-0493f5043bcd','블랙','XL',22,'GR-BO-블랙-XL-681'),
('ca51f892-b791-4cd0-9510-b2d9275cf2cf','966c9484-6b11-426a-9985-591f246eba58','그레이','S',22,'GR-BO-그레-S-423'),
('9cb56da8-b975-4758-97b7-efbd1aea4d89','966c9484-6b11-426a-9985-591f246eba58','그레이','M',10,'GR-BO-그레-M-935'),
('f09d67bb-cd6a-4234-b232-49969c8ea293','966c9484-6b11-426a-9985-591f246eba58','그레이','L',5,'GR-BO-그레-L-621'),
('86962482-11e6-4c91-b211-b73de1b60059','966c9484-6b11-426a-9985-591f246eba58','그레이','XL',14,'GR-BO-그레-XL-770'),
('2964cae2-e42e-42ba-89f4-ac0f80420e85','966c9484-6b11-426a-9985-591f246eba58','차콜','S',39,'GR-BO-차콜-S-775'),
('516771d6-7b2d-4706-a238-36694a463f14','966c9484-6b11-426a-9985-591f246eba58','차콜','M',39,'GR-BO-차콜-M-921'),
('e2a694b6-ed9f-431b-ae4e-708759f02dd5','966c9484-6b11-426a-9985-591f246eba58','차콜','L',31,'GR-BO-차콜-L-897'),
('ed4ede0d-5367-44b4-bdaf-fcbf63327804','966c9484-6b11-426a-9985-591f246eba58','차콜','XL',5,'GR-BO-차콜-XL-381'),
('670f2091-b3e7-460a-ad04-1546dbb8b3dd','ca9adead-7649-4207-8115-f07dd84148ba','블랙','S',25,'GR-OU-블랙-S-168'),
('009eed42-87c3-4722-baaf-78c090345db9','ca9adead-7649-4207-8115-f07dd84148ba','블랙','M',30,'GR-OU-블랙-M-873'),
('3b7ac30f-d42a-4b96-aac3-59a3ff79639b','ca9adead-7649-4207-8115-f07dd84148ba','블랙','L',48,'GR-OU-블랙-L-893'),
('a92b7618-ee20-434a-9c16-b6a9c621c0ea','ca9adead-7649-4207-8115-f07dd84148ba','블랙','XL',0,'GR-OU-블랙-XL-400'),
('fef7f9be-cfcb-41d0-a13e-c94397a64f7a','ca9adead-7649-4207-8115-f07dd84148ba','차콜','S',48,'GR-OU-차콜-S-358'),
('b879a071-795d-4ef0-bd87-f6a6ab37141b','ca9adead-7649-4207-8115-f07dd84148ba','차콜','M',30,'GR-OU-차콜-M-511'),
('ba4a63b1-4c40-447e-b33c-a6add0e407b2','ca9adead-7649-4207-8115-f07dd84148ba','차콜','L',3,'GR-OU-차콜-L-680'),
('9454fee1-725b-4629-a3b7-91bc8a4d8b4f','ca9adead-7649-4207-8115-f07dd84148ba','차콜','XL',26,'GR-OU-차콜-XL-710'),
('2c285b6d-3e11-4e8d-bf24-dd006c8714e1','2c29042a-b829-4307-bed2-00fc90da637a','차콜','S',53,'GR-OU-차콜-S-206'),
('4cbe7059-cf22-4ec6-9cce-a0a208177a67','2c29042a-b829-4307-bed2-00fc90da637a','차콜','M',36,'GR-OU-차콜-M-885'),
('045cb02d-db50-4068-9df8-6fe7c0b1480c','2c29042a-b829-4307-bed2-00fc90da637a','차콜','L',7,'GR-OU-차콜-L-928'),
('54dcc61e-7c38-4f3a-bb62-3b08acdfbf31','2c29042a-b829-4307-bed2-00fc90da637a','차콜','XL',51,'GR-OU-차콜-XL-707'),
('c92cbc72-6150-4956-aeca-451aff111659','2c29042a-b829-4307-bed2-00fc90da637a','그레이','S',0,'GR-OU-그레-S-428'),
('b1c75422-7b67-47be-8eb3-057c45c9cab0','2c29042a-b829-4307-bed2-00fc90da637a','그레이','M',56,'GR-OU-그레-M-935'),
('e5bfd433-7233-4d7d-b90c-c60280b4b701','2c29042a-b829-4307-bed2-00fc90da637a','그레이','L',42,'GR-OU-그레-L-402'),
('4af3167e-7f48-4922-8b6d-0b2ceec7aa25','2c29042a-b829-4307-bed2-00fc90da637a','그레이','XL',22,'GR-OU-그레-XL-197'),
('32ae92f2-c73c-4e4a-8f68-a09fe3a61856','2c29042a-b829-4307-bed2-00fc90da637a','블랙','S',45,'GR-OU-블랙-S-995'),
('a4c8fbf6-ccbb-4f94-ac73-7a8b3a1010c1','2c29042a-b829-4307-bed2-00fc90da637a','블랙','M',5,'GR-OU-블랙-M-911'),
('8f602ab3-342c-44e1-9ede-d6089bf16094','2c29042a-b829-4307-bed2-00fc90da637a','블랙','L',21,'GR-OU-블랙-L-994'),
('55b4ae8d-b5d5-4f72-a394-999c6c1339ee','2c29042a-b829-4307-bed2-00fc90da637a','블랙','XL',36,'GR-OU-블랙-XL-481'),
('c11607c8-4ed5-4af0-a854-70845a00c5a4','db85852b-4c75-40b6-b443-bdc9ca3694d7','블랙','S',13,'GR-OU-블랙-S-250'),
('981f0f90-e272-4128-951c-4c336aef0c3d','db85852b-4c75-40b6-b443-bdc9ca3694d7','블랙','M',19,'GR-OU-블랙-M-488'),
('c33b7927-f681-4de4-a6b9-4e1f24c69da2','db85852b-4c75-40b6-b443-bdc9ca3694d7','블랙','L',57,'GR-OU-블랙-L-952'),
('a2c521a3-f154-4e97-ba28-9097d03cb2c7','db85852b-4c75-40b6-b443-bdc9ca3694d7','블랙','XL',38,'GR-OU-블랙-XL-488'),
('775f6e2b-be9a-46ef-ac16-ffb62afbe17a','db85852b-4c75-40b6-b443-bdc9ca3694d7','볼트','S',52,'GR-OU-볼트-S-420'),
('47c93867-cb37-4fbe-8ffc-afaef3cb959f','db85852b-4c75-40b6-b443-bdc9ca3694d7','볼트','M',29,'GR-OU-볼트-M-167'),
('ad4d92f2-d4ff-4116-a357-29398eb488bf','db85852b-4c75-40b6-b443-bdc9ca3694d7','볼트','L',28,'GR-OU-볼트-L-234'),
('d7bf6ce7-51cd-4d4e-a6da-43616520fba1','db85852b-4c75-40b6-b443-bdc9ca3694d7','볼트','XL',23,'GR-OU-볼트-XL-369'),
('af78a344-835e-4195-a17e-f148fc1f9ff7','47d873a9-37d8-4324-8ccc-a442fdb56689','블랙','S',8,'GR-OU-블랙-S-272'),
('31924340-f484-47d1-bbb0-a8940e018525','47d873a9-37d8-4324-8ccc-a442fdb56689','블랙','M',3,'GR-OU-블랙-M-303'),
('3976063e-627e-4a1b-a6ee-889058f20d6f','47d873a9-37d8-4324-8ccc-a442fdb56689','블랙','L',27,'GR-OU-블랙-L-853'),
('8f9a28b5-b40f-4705-badc-19293d9ad547','47d873a9-37d8-4324-8ccc-a442fdb56689','블랙','XL',46,'GR-OU-블랙-XL-781'),
('3baac14a-1022-42be-a9ba-d9231b08c490','47d873a9-37d8-4324-8ccc-a442fdb56689','카키','S',55,'GR-OU-카키-S-844'),
('da9ac1fb-5236-4541-9508-57e7bb23d35a','47d873a9-37d8-4324-8ccc-a442fdb56689','카키','M',34,'GR-OU-카키-M-679'),
('837b49ac-8d95-466c-b28d-cc22c4da15e3','47d873a9-37d8-4324-8ccc-a442fdb56689','카키','L',54,'GR-OU-카키-L-779'),
('71c814cf-6115-4e87-ac76-7ff487fb835d','47d873a9-37d8-4324-8ccc-a442fdb56689','카키','XL',50,'GR-OU-카키-XL-347'),
('55e2d1e2-fbeb-4cd5-a143-d663d1ece7ad','dd726b0d-4a00-486b-98c9-40b157bf996a','차콜','S',18,'GR-SE-차콜-S-245'),
('acfab580-4f5a-4f06-915a-44a1f215f19c','dd726b0d-4a00-486b-98c9-40b157bf996a','차콜','M',56,'GR-SE-차콜-M-256'),
('20dfe4d0-8bd5-47f7-ac56-29e648ad5d9b','dd726b0d-4a00-486b-98c9-40b157bf996a','차콜','L',4,'GR-SE-차콜-L-515'),
('22ab7b3b-bb8f-427d-ac7d-67f60978300d','dd726b0d-4a00-486b-98c9-40b157bf996a','차콜','XL',42,'GR-SE-차콜-XL-862'),
('c27df8d0-8c3c-4bf7-bf4d-453d964f1b93','dd726b0d-4a00-486b-98c9-40b157bf996a','블랙','S',43,'GR-SE-블랙-S-134'),
('6f825437-66a9-4de8-bf0e-a9ccf5a79cf2','dd726b0d-4a00-486b-98c9-40b157bf996a','블랙','M',7,'GR-SE-블랙-M-915'),
('d523df1c-cf2c-4a02-9630-47a14afe364d','dd726b0d-4a00-486b-98c9-40b157bf996a','블랙','L',25,'GR-SE-블랙-L-936'),
('36f10038-d189-48bb-bb52-663ee59efcf4','dd726b0d-4a00-486b-98c9-40b157bf996a','블랙','XL',35,'GR-SE-블랙-XL-414'),
('ad057be2-00d6-409e-87c0-bf88760212b6','8253a970-330f-4e10-8964-6ec184b356d7','그레이','S',3,'GR-SE-그레-S-875'),
('f20ac8a6-c798-49bc-8f2c-2ee121797f32','8253a970-330f-4e10-8964-6ec184b356d7','그레이','M',47,'GR-SE-그레-M-837'),
('615e7926-9cfe-48be-9f04-181a13f5423d','8253a970-330f-4e10-8964-6ec184b356d7','그레이','L',30,'GR-SE-그레-L-637'),
('260daab1-c21c-48aa-8dd4-8ea0d50f9c6b','8253a970-330f-4e10-8964-6ec184b356d7','그레이','XL',40,'GR-SE-그레-XL-778'),
('3630d06a-4487-4d7d-97dc-c759bb49eff0','8253a970-330f-4e10-8964-6ec184b356d7','차콜','S',47,'GR-SE-차콜-S-813'),
('594cf083-54b5-4ad8-8af9-41d0366f9634','8253a970-330f-4e10-8964-6ec184b356d7','차콜','M',51,'GR-SE-차콜-M-270'),
('3b6423bf-ed27-4341-9f44-059346efe5fb','8253a970-330f-4e10-8964-6ec184b356d7','차콜','L',23,'GR-SE-차콜-L-967'),
('8bc713a0-11f6-4c5a-9b2d-6a66172362fb','8253a970-330f-4e10-8964-6ec184b356d7','차콜','XL',60,'GR-SE-차콜-XL-183'),
('ac6fbb52-ee6b-48fa-80bf-8407fb2ed446','f371f326-3674-47e9-9f42-890024686a16','블랙','S',57,'GR-SE-블랙-S-393'),
('1e905bfe-1b4c-4fa1-9237-c5dc64a4b07f','f371f326-3674-47e9-9f42-890024686a16','블랙','M',4,'GR-SE-블랙-M-281'),
('c1bf0018-6f60-4cc8-a3c8-d7c584eb6140','f371f326-3674-47e9-9f42-890024686a16','블랙','L',27,'GR-SE-블랙-L-968'),
('8ae122a4-8f0a-44ad-a793-267144e386f2','f371f326-3674-47e9-9f42-890024686a16','블랙','XL',15,'GR-SE-블랙-XL-504'),
('cce1a800-eb2b-4f1b-8ea5-c10775eb5812','f371f326-3674-47e9-9f42-890024686a16','네이비','S',31,'GR-SE-네이-S-804'),
('ec360ffc-dfd8-4042-ace3-96777312f82c','f371f326-3674-47e9-9f42-890024686a16','네이비','M',28,'GR-SE-네이-M-295'),
('ca3c7bc0-ab75-4840-bcd9-ae4608680662','f371f326-3674-47e9-9f42-890024686a16','네이비','L',50,'GR-SE-네이-L-659'),
('7690bb2c-ff41-4d53-bbc4-818b86d598ec','f371f326-3674-47e9-9f42-890024686a16','네이비','XL',54,'GR-SE-네이-XL-584'),
('cb125f0f-2404-4528-8397-71c6aa038e51','d6a57025-28b0-4028-83c1-44bd8ddc02a2','화이트','FREE',8,'GR-AC-화이-FREE-234'),
('f83d44aa-d3ca-4930-a8a6-074697b4fa5a','d6a57025-28b0-4028-83c1-44bd8ddc02a2','블랙','FREE',46,'GR-AC-블랙-FREE-775'),
('cb91b5e1-b523-4f1d-9e04-ee223f6233ac','67b29d63-2eb0-41a2-9c4e-607801926e9d','블랙','FREE',32,'GR-AC-블랙-FREE-615'),
('a6adbf0a-269a-49f6-a138-6f9a4d6ec76d','67b29d63-2eb0-41a2-9c4e-607801926e9d','차콜','FREE',49,'GR-AC-차콜-FREE-411'),
('2b5af506-51e4-4dc6-b702-cef3bff09296','a9893e8c-b0c6-4197-8df8-aaf3d7ab7d94','블랙','FREE',45,'GR-AC-블랙-FREE-491'),
('e8d601e5-9bac-4fe9-825a-0ba183ef09bb','e1d12d8d-8ff3-4b43-a47b-1b76f05d3507','차콜','FREE',19,'GR-AC-차콜-FREE-768'),
('f6477106-2425-4ad7-b39a-16a980e50f21','e1d12d8d-8ff3-4b43-a47b-1b76f05d3507','블랙','FREE',19,'GR-AC-블랙-FREE-289'),
('30e847ce-4cf2-411f-a00c-1f2e9a555b19','ceb234b4-86f7-481e-97d3-8f5d80a319cc','그레이','FREE',7,'GR-AC-그레-FREE-510');

insert into public.reviews (product_id,user_id,order_item_id,rating,title,content,review_image_url,height_cm,weight_kg,size_bought) values
('4d8e8048-7a6f-4d77-bb67-2b0de92af818',null,null,5,'실착 후기','핏이 군더더기 없이 딱 떨어져요. 헬스장에서 카페까지 그대로 갑니다.','https://picsum.photos/seed/grind-rev-0/240/320?grayscale',169,66,'XL'),
('f4aec24d-5f40-4af6-a7c9-68e8fee22d52',null,null,5,'실착 후기','신축성이 좋아서 스쿼트할 때 안 비쳐요. 만족.','https://picsum.photos/seed/grind-rev-1/240/320?grayscale',176,87,'M'),
('4d76c55e-1d6e-42dd-89dc-a7eb482e7795',null,null,5,'실착 후기','무채색이라 어디에 입어도 무난. 재구매 의사 있음.','https://picsum.photos/seed/grind-rev-2/240/320?grayscale',178,69,'L'),
('f5d87a7b-d30f-45d6-bd97-9cff5bee7eec',null,null,4,'실착 후기','어깨가 넓은 편인데 L 사이즈 정사이즈로 잘 맞았습니다.','https://picsum.photos/seed/grind-rev-3/240/320?grayscale',174,75,'XL'),
('8a598fa4-651f-4cec-a066-92e050cd6642',null,null,5,'실착 후기','땀 흡수랑 건조 빠르고 냄새 덜 남아요.','https://picsum.photos/seed/grind-rev-4/240/320?grayscale',177,80,'L'),
('57398142-8da1-4ef5-9b21-bdf979a0d555',null,null,5,'실착 후기','가성비 최고. 이 가격에 이 퀄이면 인정.','https://picsum.photos/seed/grind-rev-5/240/320?grayscale',177,66,'M'),
('7531b555-5aa0-49e7-a96a-aa06d87df56b',null,null,5,'실착 후기','허벅지 발달한 편인데 여유 있게 잘 맞아요.','https://picsum.photos/seed/grind-rev-6/240/320?grayscale',170,80,'L'),
('903b9556-a0ca-4d2c-8f10-48d800eb89d8',null,null,4,'실착 후기','데드리프트해도 허리 안 노출됩니다. 기장 굿.','https://picsum.photos/seed/grind-rev-7/240/320?grayscale',180,63,'L'),
('087b45b4-5cea-4f3d-a167-ff9eb023485e',null,null,4,'실착 후기','핏이 군더더기 없이 딱 떨어져요. 헬스장에서 카페까지 그대로 갑니다.','https://picsum.photos/seed/grind-rev-8/240/320?grayscale',178,76,'XL'),
('f1563f10-a90a-475b-a8f6-2dc66f68e0fa',null,null,5,'실착 후기','신축성이 좋아서 스쿼트할 때 안 비쳐요. 만족.','https://picsum.photos/seed/grind-rev-9/240/320?grayscale',173,75,'M'),
('11c4d618-f5ab-47b1-9f77-0493f5043bcd',null,null,4,'실착 후기','무채색이라 어디에 입어도 무난. 재구매 의사 있음.','https://picsum.photos/seed/grind-rev-10/240/320?grayscale',183,68,'XL'),
('966c9484-6b11-426a-9985-591f246eba58',null,null,4,'실착 후기','어깨가 넓은 편인데 L 사이즈 정사이즈로 잘 맞았습니다.','https://picsum.photos/seed/grind-rev-11/240/320?grayscale',183,86,'M');

insert into public.qna (product_id,user_id,question_title,question_content,is_secret,is_answered,answer_content,answered_at) values
('4d8e8048-7a6f-4d77-bb67-2b0de92af818',null,'배송은 얼마나 걸리나요?','배송은 얼마나 걸리나요?',false,true,'주문일 기준 평균 1~3일 소요됩니다.',now()),
('f4aec24d-5f40-4af6-a7c9-68e8fee22d52',null,'사이즈 교환 가능한가요?','사이즈 교환 가능한가요?',false,true,'수령 후 7일 이내 미착용 상품에 한해 교환 가능합니다.',now()),
('4d76c55e-1d6e-42dd-89dc-a7eb482e7795',null,'이 상품 재입고 되나요?','이 상품 재입고 되나요?',false,false,null,null);

insert into public.faqs (category,question,answer) values
('SHIPPING','배송비는 얼마인가요?','기본 배송비는 3,000원이며 3만 원 이상 구매 시 무료배송입니다.'),
('SHIPPING','배송 기간은 얼마나 걸리나요?','평일 오후 2시 이전 결제 시 당일 출고, 평균 1~3일 내 수령 가능합니다.'),
('SHIPPING','배송 조회는 어디서 하나요?','마이페이지 > 주문내역에서 송장번호로 실시간 배송 추적이 가능합니다.'),
('RETURN','교환/반품은 어떻게 하나요?','수령 후 7일 이내, 미착용·택 미제거 상태에서 마이페이지에서 신청하실 수 있습니다.'),
('RETURN','반품 배송비가 있나요?','단순 변심 시 왕복 배송비 6,000원이 부과되며, 상품 하자 시 무료입니다.'),
('RETURN','환불은 언제 되나요?','반품 상품 회수 및 검수 완료 후 영업일 기준 3~5일 내 환불됩니다.'),
('SIZE','사이즈 추천 받을 수 있나요?','상품 상세의 "사이즈 추천" 버튼에서 키·몸무게 입력 시 최적 사이즈를 안내합니다.'),
('SIZE','운동인 체형인데 사이즈가 걱정돼요.','어깨·허벅지 발달 체형을 고려한 여유 핏 데이터를 반영합니다. 한 사이즈 업을 권장하기도 합니다.'),
('SIZE','레깅스 비침이 걱정돼요.','컴프레션 라인은 스쿼트 프루프 원단으로 비침을 최소화했습니다.');

insert into public.coupons (code,name,discount_type,discount_value,min_order_price,max_discount_amount,duration_days) values
('GRIND_WELCOME','신규가입 15% 할인쿠폰','PERCENTAGE',15,0,20000,30),
('GRIND_FREE3000','3천원 할인쿠폰','FIXED',3000,30000,null,30),
('GRIND_STARTER30','입문자 세트 30% 쿠폰','PERCENTAGE',30,50000,30000,14);
